{"initial_reset_timestamp": 1645273516.905202, "timestamps": [1645273529.18995, 1645273534.2645602, 1645273534.321843, 1645273534.348447, 1645273534.3598862, 1645273534.391066, 1645273534.422066, 1645273534.4521139, 1645273539.774005, 1645273539.837677, 1645273539.867945, 1645273539.898827, 1645273539.9217129, 1645273539.94927, 1645273539.974632, 1645273540.003053, 1645273540.0335412, 1645273540.069736, 1645273540.100481, 1645273540.13703, 1645273540.174156, 1645273540.210349, 1645273540.236567, 1645273540.262054, 1645273540.291135, 1645273540.30904, 1645273540.3339388, 1645273545.2189472, 1645273545.2676249, 1645273545.292005, 1645273545.3154922, 1645273545.339956, 1645273545.362583, 1645273545.388499, 1645273545.4127302, 1645273545.438123, 1645273545.4619908, 1645273545.4819572, 1645273545.504065, 1645273545.529108, 1645273545.553348, 1645273545.5743191, 1645273545.5981922, 1645273545.622027, 1645273545.645112, 1645273545.6667678, 1645273545.6888041, 1645273545.710929, 1645273545.732901, 1645273545.7550972, 1645273545.7770371, 1645273545.799592, 1645273545.821544, 1645273545.844409, 1645273545.8684359, 1645273545.8923368, 1645273545.915972, 1645273545.938899, 1645273545.9617531, 1645273545.985323, 1645273546.0091782, 1645273546.032825, 1645273546.054973, 1645273546.077195, 1645273550.831896, 1645273550.887646, 1645273550.911579, 1645273550.935564, 1645273550.959809, 1645273550.981319, 1645273551.005711, 1645273551.030354, 1645273551.0551941, 1645273551.079378, 1645273551.103111, 1645273551.126121, 1645273551.1484249, 1645273551.170597, 1645273551.192319, 1645273551.214428, 1645273551.237237, 1645273551.260009, 1645273551.283448, 1645273551.307817, 1645273551.331831, 1645273551.356066, 1645273551.378388, 1645273551.40061, 1645273551.4220018, 1645273551.432804, 1645273551.454823, 1645273551.481069, 1645273551.504985, 1645273551.5288582, 1645273551.546006, 1645273551.570098, 1645273551.594101, 1645273551.617686, 1645273551.6412642, 1645273551.653203], "episode_lengths": [200, 200, 200, 195, 78, 200, 200, 200, 200, 200, 200, 200, 155, 168, 159, 200, 200, 200, 154, 200, 200, 200, 200, 200, 200, 135, 200, 200, 138, 200, 197, 200, 189, 200, 200, 200, 200, 175, 200, 200, 200, 176, 200, 200, 200, 200, 200, 200, 200, 200, 200, 200, 200, 200, 200, 200, 200, 200, 200, 200, 200, 200, 200, 200, 200, 200, 200, 200, 200, 171, 200, 200, 200, 200, 200, 200, 200, 200, 200, 200, 200, 200, 200, 200, 200, 200, 200, 197, 194, 98, 200, 200, 200, 200, 144, 200, 198, 200, 200, 109], "episode_rewards": [200.0, 200.0, 200.0, 195.0, 78.0, 200.0, 200.0, 200.0, 200.0, 200.0, 200.0, 200.0, 155.0, 168.0, 159.0, 200.0, 200.0, 200.0, 154.0, 200.0, 200.0, 200.0, 200.0, 200.0, 200.0, 135.0, 200.0, 200.0, 138.0, 200.0, 197.0, 200.0, 189.0, 200.0, 200.0, 200.0, 200.0, 175.0, 200.0, 200.0, 200.0, 176.0, 200.0, 200.0, 200.0, 200.0, 200.0, 200.0, 200.0, 200.0, 200.0, 200.0, 200.0, 200.0, 200.0, 200.0, 200.0, 200.0, 200.0, 200.0, 200.0, 200.0, 200.0, 200.0, 200.0, 200.0, 200.0, 200.0, 200.0, 171.0, 200.0, 200.0, 200.0, 200.0, 200.0, 200.0, 200.0, 200.0, 200.0, 200.0, 200.0, 200.0, 200.0, 200.0, 200.0, 200.0, 200.0, 197.0, 194.0, 98.0, 200.0, 200.0, 200.0, 200.0, 144.0, 200.0, 198.0, 200.0, 200.0, 109.0], "episode_types": ["t", "t", "t", "t", "t", "t", "t", "t", "t", "t", "t", "t", "t", "t", "t", "t", "t", "t", "t", "t", "t", "t", "t", "t", "t", "t", "t", "t", "t", "t", "t", "t", "t", "t", "t", "t", "t", "t", "t", "t", "t", "t", "t", "t", "t", "t", "t", "t", "t", "t", "t", "t", "t", "t", "t", "t", "t", "t", "t", "t", "t", "t", "t", "t", "t", "t", "t", "t", "t", "t", "t", "t", "t", "t", "t", "t", "t", "t", "t", "t", "t", "t", "t", "t", "t", "t", "t", "t", "t", "t", "t", "t", "t", "t", "t", "t", "t", "t", "t", "t"]}