{"initial_reset_timestamp": 1645365507.425805, "timestamps": [1645365511.109216, 1645365514.1999931, 1645365514.260324, 1645365514.279027, 1645365514.2972538, 1645365514.3158, 1645365514.34109, 1645365514.359544, 1645365517.4055538, 1645365517.460694, 1645365517.490752, 1645365517.51909, 1645365517.541074, 1645365517.563141, 1645365517.587712, 1645365517.615741, 1645365517.632592, 1645365517.652504, 1645365517.675838, 1645365517.694029, 1645365517.717512, 1645365517.738917, 1645365517.756573, 1645365517.7735481, 1645365517.791402, 1645365517.813993, 1645365517.835258, 1645365521.855117, 1645365521.9049962, 1645365521.930468, 1645365521.952759, 1645365521.97138, 1645365521.9934561, 1645365522.0155451, 1645365522.032369, 1645365522.051763, 1645365522.082471, 1645365522.1139672, 1645365522.136539, 1645365522.153177, 1645365522.170193, 1645365522.191925, 1645365522.222723, 1645365522.24619, 1645365522.2654452, 1645365522.282393, 1645365522.299938, 1645365522.316512, 1645365522.333007, 1645365522.3556428, 1645365522.373049, 1645365522.389806, 1645365522.406647, 1645365522.437171, 1645365522.459698, 1645365522.476382, 1645365522.4935648, 1645365522.510817, 1645365522.527788, 1645365522.553154, 1645365522.572063, 1645365522.5914838, 1645365522.610919, 1645365522.629587, 1645365526.625688, 1645365526.682341, 1645365526.7009861, 1645365526.724548, 1645365526.743849, 1645365526.762939, 1645365526.781418, 1645365526.7990289, 1645365526.829026, 1645365526.8561668, 1645365526.874193, 1645365526.891974, 1645365526.910332, 1645365526.928771, 1645365526.9539242, 1645365526.993097, 1645365527.019358, 1645365527.084971, 1645365527.112736, 1645365527.1532958, 1645365527.174171, 1645365527.2076101, 1645365527.2265542, 1645365527.2503412, 1645365527.268678, 1645365527.286676, 1645365527.304215, 1645365527.325666, 1645365527.3421, 1645365527.3574028, 1645365527.37639, 1645365527.391837, 1645365527.407161, 1645365527.423181, 1645365527.438964, 1645365527.462942], "episode_lengths": [108, 111, 112, 110, 108, 110, 151, 109, 114, 138, 190, 181, 142, 142, 160, 186, 112, 126, 151, 112, 148, 140, 113, 109, 113, 148, 141, 141, 111, 143, 147, 115, 146, 145, 111, 130, 200, 200, 148, 110, 110, 144, 200, 151, 111, 110, 109, 109, 109, 149, 113, 112, 112, 200, 146, 110, 109, 113, 112, 157, 121, 114, 114, 112, 149, 139, 111, 140, 113, 113, 113, 111, 186, 142, 108, 108, 111, 108, 114, 144, 140, 114, 112, 181, 111, 184, 116, 147, 112, 110, 112, 142, 109, 112, 144, 114, 112, 111, 108, 159], "episode_rewards": [-108.0, -111.0, -112.0, -110.0, -108.0, -110.0, -151.0, -109.0, -114.0, -138.0, -190.0, -181.0, -142.0, -142.0, -160.0, -186.0, -112.0, -126.0, -151.0, -112.0, -148.0, -140.0, -113.0, -109.0, -113.0, -148.0, -141.0, -141.0, -111.0, -143.0, -147.0, -115.0, -146.0, -145.0, -111.0, -130.0, -200.0, -200.0, -148.0, -110.0, -110.0, -144.0, -200.0, -151.0, -111.0, -110.0, -109.0, -109.0, -109.0, -149.0, -113.0, -112.0, -112.0, -200.0, -146.0, -110.0, -109.0, -113.0, -112.0, -157.0, -121.0, -114.0, -114.0, -112.0, -149.0, -139.0, -111.0, -140.0, -113.0, -113.0, -113.0, -111.0, -186.0, -142.0, -108.0, -108.0, -111.0, -108.0, -114.0, -144.0, -140.0, -114.0, -112.0, -181.0, -111.0, -184.0, -116.0, -147.0, -112.0, -110.0, -112.0, -142.0, -109.0, -112.0, -144.0, -114.0, -112.0, -111.0, -108.0, -159.0], "episode_types": ["t", "t", "t", "t", "t", "t", "t", "t", "t", "t", "t", "t", "t", "t", "t", "t", "t", "t", "t", "t", "t", "t", "t", "t", "t", "t", "t", "t", "t", "t", "t", "t", "t", "t", "t", "t", "t", "t", "t", "t", "t", "t", "t", "t", "t", "t", "t", "t", "t", "t", "t", "t", "t", "t", "t", "t", "t", "t", "t", "t", "t", "t", "t", "t", "t", "t", "t", "t", "t", "t", "t", "t", "t", "t", "t", "t", "t", "t", "t", "t", "t", "t", "t", "t", "t", "t", "t", "t", "t", "t", "t", "t", "t", "t", "t", "t", "t", "t", "t", "t"]}